residue,Z1,Z2,Z3,z1,z2,z3,z4,z5
A,0.07,-1.73,0.09,0.24,-2.32,0.6,-0.14,1.3
C,0.71,-0.97,4.13,0.84,-1.67,3.71,0.18,-2.65
D,3.64,1.13,2.36,3.98,0.93,1.93,-2.46,0.75
E,3.08,0.39,-0.07,3.11,0.26,-0.11,-3.04,-0.25
F,-4.92,1.3,0.45,-4.22,1.94,1.06,0.54,-0.62
G,2.23,-5.36,0.3,2.05,-4.06,0.36,-0.82,-0.38
H,2.41,1.74,1.11,2.47,1.95,0.26,3.9,0.09
I,-4.44,-1.68,-1.03,-3.89,-1.73,1.71,-0.84,0.26
K,2.84,1.41,-3.14,2.29,0.89,-2.49,1.49,0.31
L,-4.19,-1.03,-0.98,-4.28,-1.30,-1.49,-0.72,0.84
M,-2.49,-0.27,-0.41,-2.85,-0.22,0.47,1.94,-0.98
N,3.22,1.45,0.84,3.05,1.62,1.04,-1.15,1.61
P,-1.22,0.88,2.23,-1.66,0.27,1.84,0.7,2
Q,2.18,0.53,-1.14,1.75,0.5,-1.44,-1.34,0.66
R,2.88,2.52,-3.44,3.52,2.5,-3.50,1.99,-0.17
S,1.96,-1.63,0.57,2.39,-1.07,1.15,-1.39,0.67
T,0.92,-2.09,-1.40,0.75,-2.18,-1.12,-1.46,-0.40
W,-4.75,3.65,0.85,-4.36,3.94,0.59,3.44,-1.59
V,0,0,0,-2.59,-2.64,-1.54,-0.85,-0.02 
Y,0,0,0,-2.54,2.44,0.43,0.04,-1.47 